{
    "analytical": {
        "kappa": 2.6520823967623537,
        "theta": 0.2872532451270976,
        "xi": 1.8243997721164118,
        "rho": -0.23504148674959102,
        "v0": 0.2126990693816899,
        "rmse_iv": 0.004653023694045639,
        "success": true
    },
    "euler": {
        "kappa": 1.4763481523161792,
        "theta": 0.303819395747183,
        "xi": 1.1439317063622922,
        "rho": -0.286857681622285,
        "v0": 0.20844259255844777,
        "success": true,
        "rmse_iv": 0.005435643228715465
    },
    "qe": {
        "kappa": 3.4247608257688604,
        "theta": 0.20762275444973485,
        "xi": 0.39311395184012876,
        "rho": -0.7118766865865654,
        "v0": 0.16873964774647632,
        "success": true,
        "rmse_iv": 0.011843786194673899
    }
}