{
    "market": {
        "S0": 6969.009765625,
        "r": 0.045,
        "q": 0.011
    },
    "analytical": {
        "kappa": 0.1000200670601565,
        "theta": 0.0010048531001277765,
        "xi": 0.01,
        "rho": 0.0,
        "v0": 0.005077231177734799,
        "success": true,
        "fun": 1615.7739934113347,
        "rmse_iv": 0.08538290070315796
    },
    "monte_carlo_results": {
        "kappa": 0.1000870102991377,
        "theta": 0.001,
        "xi": 0.01,
        "rho": 0.0,
        "v0": 0.005403539346950221,
        "success": true,
        "fun": 1615.7997514954493,
        "rmse_iv": 0.08307764625918941
    }
}