{
    "timestamp": "20260121_121004",
    "ticker": "TSLA",
    "environment": {
        "S0": 419.25,
        "r": 0.043,
        "q": 0.0
    },
    "initial_guess": {
        "kappa": 1,
        "theta": 0.1,
        "xi": 0.05,
        "rho": -0.1,
        "v0": 0.4
    },
    "parameters_analytical": {
        "kappa": 7.285032329324088,
        "theta": 0.290527840851135,
        "xi": 0.3342063750277153,
        "rho": -0.5965853066271121,
        "v0": 0.1926344807077771,
        "success": true
    },
    "parameters_mc": {
        "kappa": 7.3192822488641625,
        "theta": 0.2903716612476935,
        "xi": 0.3359386816014196,
        "rho": -0.6478914955721605,
        "v0": 0.20020191776593582,
        "success": true,
        "sse": 0.4084180840788265
    }
}