{
    "market": {
        "S0": 6969.009765625,
        "r": 0.045,
        "q": 0.011
    },
    "analytical": {
        "kappa": 4.85838933569857,
        "theta": 0.0033879508904038434,
        "xi": 0.01,
        "rho": -0.3,
        "v0": 0.008857533003322494,
        "success": true,
        "fun": 1615.7914699906605,
        "rmse_iv": 0.08624126715496042
    }
}