{
    "market": {
        "S0": 6969.009765625,
        "r": 0.045,
        "q": 0.011
    },
    "analytical": {
        "kappa": 1.7778640560011472,
        "theta": 0.04266275783794568,
        "xi": 0.671158717624289,
        "rho": -0.7077766754242519,
        "v0": 0.029867132845228933,
        "success": true,
        "fun": 0.2509508710795143,
        "rmse_iv": 7.930799760156412e-05
    },
    "monte_carlo_results": {
        "kappa": 0.10008943294767325,
        "theta": 0.001,
        "xi": 0.01,
        "rho": -0.1,
        "v0": 0.00772691332650809,
        "success": true,
        "fun": 15402486.977996087,
        "rmse_iv": 0.0
    }
}