{
    "market": {
        "S0": 6969.009765625,
        "r": 0.045,
        "q": 0.011
    },
    "analytical": {
        "kappa": 2.429556605867157,
        "theta": 0.002844026712945003,
        "xi": 0.01,
        "rho": -0.3,
        "v0": 0.007180998306476045,
        "success": true,
        "fun": 1615.8059104464992,
        "rmse_iv": 0.08668621194474811
    }
}