{
    "timestamp": "20260121_121501",
    "ticker": "NVDA",
    "environment": {
        "S0": 178.07000732421875,
        "r": 0.043,
        "q": 0.0003
    },
    "initial_guess": {
        "kappa": 1,
        "theta": 0.1,
        "xi": 0.05,
        "rho": -0.1,
        "v0": 0.4
    },
    "parameters_analytical": {
        "kappa": 4.237642274847093,
        "theta": 0.2513488876555596,
        "xi": 1.459482747638465,
        "rho": -0.26645685978892564,
        "v0": 0.21532236950784328,
        "success": false
    },
    "parameters_mc": {
        "kappa": 3.7134135180815893,
        "theta": 0.2571798561440263,
        "xi": 1.3820730841827409,
        "rho": -0.2788119032290869,
        "v0": 0.22291004181007068,
        "success": true,
        "sse": 0.09697758229856476
    }
}