{
    "timestamp": "20260120_171216",
    "ticker": "COST",
    "environment": {
        "S0": 958.1500244140625,
        "r": 0.036,
        "q": 0.005
    },
    "initial_guess": {
        "kappa": 1.5,
        "theta": 0.05, 
        "xi": 0.5,
        "rho":  -0.4,
        "v0": 0.05},
    "parameters_analytical": {
        "kappa": 1.5442593404435445,
        "theta": 0.08160465568223665,
        "xi": 0.5067577134113598,
        "rho": -0.4210791195470469,
        "v0": 0.038983089813225305,
        "success": true
    },
    "parameters_mc": {
        "kappa": 1.6800897016374083,
        "theta": 0.06762887977568216,
        "xi": 0.47524913849345635,
        "rho": -0.4272159717492276,
        "v0": 0.04211840918745364,
        "success": true,
        "sse": 283.8649558459307
    }
}