{
    "market": {
        "S0": 6969.009765625,
        "r": 0.045,
        "q": 0.011
    },
    "analytical": {
        "kappa": 1.858230332701381,
        "theta": 0.06022063783031167,
        "xi": 1.4722301753864502,
        "rho": -0.7347814634102778,
        "v0": 0.050618817728793015,
        "success": true,
        "fun": 0.05047628131067634,
        "rmse_iv": 0.005058160039857894
    }
}