{
    "market": {
        "S0": 187.6699981689453,
        "r": 0.045,
        "q": 0.003
    },
    "analytical": {
        "kappa": 1.3766476895108481,
        "theta": 0.29558862252540363,
        "xi": 0.9021309287938111,
        "rho": -0.30498718413125103,
        "v0": 0.19536928213409463,
        "success": false,
        "sse": 0.04299381536001015,
        "rmse_iv": 0.006854993985809177
    },
    "monte_carlo_results": {
        "kappa": 1.0162557044202094,
        "theta": 0.24991410938450245,
        "xi": 0.01,
        "rho": -0.01886624789001951,
        "v0": 0.19098776520890914,
        "success": true,
        "rmse_iv": 0.014194164473421578
    }
}