{
    "market": {
        "S0": 6969.009765625,
        "r": 0.045,
        "q": 0.011
    },
    "analytical": {
        "kappa": 1.8702763794526105,
        "theta": 0.06014941150776307,
        "xi": 1.4783666194800515,
        "rho": -0.7347254096875572,
        "v0": 0.05073320266669903,
        "success": true,
        "fun": 0.0504713335996894,
        "rmse_iv": 0.005057713474450476
    }
}