{
    "market": {
        "S0": 6969.009765625,
        "r": 0.045,
        "q": 0.011
    },
    "analytical": {
        "kappa": 0.1,
        "theta": 0.3753106804506933,
        "xi": 0.5248788021419645,
        "rho": -0.82174802841014,
        "v0": 0.028423081135989695,
        "success": true,
        "fun": 0.12587668709396815,
        "rmse_iv": 0.007709970450042483
    }
}