{
    "timestamp": "20260120_172322",
    "ticker": "ASML",
    "environment": {
        "S0": 1338.5450439453125,
        "r": 0.036,
        "q": 0.005
    },
    "initial_guess": {
        "kappa": 1.5,
        "theta": 0.05, 
        "xi": 0.5,
        "rho":  -0.4,
        "v0": 0.05},
    "parameters_analytical": {
        "kappa": 3.4032822852576525,
        "theta": 0.27185279977385046,
        "xi": 0.014627376882962697,
        "rho": -0.30070203358558345,
        "v0": 0.08013989543070249,
        "success": true
    },
    "parameters_mc": {
        "kappa": 5.0,
        "theta": 0.2,
        "xi": 0.05,
        "rho": -0.9499691332115017,
        "v0": 0.1616762742806402,
        "success": true,
        "sse": 5420.533198830387
    }
}