{
    "market": {
        "S0": 6969.009765625,
        "r": 0.045,
        "q": 0.011
    },
    "analytical": {
        "kappa": 3.591074678246254,
        "theta": 0.0032318454254233807,
        "xi": 0.01,
        "rho": -0.3,
        "v0": 0.007892976389853448,
        "success": true,
        "fun": 1615.7975683520453,
        "rmse_iv": 0.08640670262929277
    }
}