{
    "market": {
        "S0": 189.33999633789062,
        "r": 0.045,
        "q": 0.0002
    },
    "analytical": {
        "kappa": 5.770538558979558,
        "theta": 0.23867340231913867,
        "xi": 1.4824748185822827,
        "rho": -0.27925877891562645,
        "v0": 0.15191802784499964,
        "success": true,
        "sse": 0.14897876781433791,
        "rmse_iv": 0.004101487836155395
    },
    "monte_carlo_results": {
        "kappa": 7.418780672965832,
        "theta": 0.24110426547766414,
        "xi": 1.8837377959067545,
        "rho": -0.30586302450510966,
        "v0": 0.14821902622097946,
        "success": true,
        "fun": 0.2360348738975177,
        "rmse_iv": 0.00558261093678905
    }
}