{
    "market": {
        "S0": 6978.60009765625,
        "r": 0.045,
        "q": 0.011
    },
    "analytical": {
        "kappa": 1.5025358769273431,
        "theta": 0.041981219177777765,
        "xi": 0.5548934245854279,
        "rho": -0.6896589243873728,
        "v0": 0.025977800267305718,
        "success": true,
        "sse": 0.1967332487330316,
        "rmse_iv": 0.01721540109904557
    },
    "monte_carlo_results": {
        "kappa": 1.5071055507372835,
        "theta": 0.04186967171409173,
        "xi": 0.5432893985328272,
        "rho": -0.6827986094623784,
        "v0": 0.02482011210484837,
        "success": true,
        "fun": 0.23741324471359926,
        "rmse_iv": 0.017580141877038134
    }
}