{
    "market": {
        "S0": 6969.2099609375,
        "r": 0.045,
        "q": 0.011
    },
    "analytical": {
        "kappa": 1.328334511884809,
        "theta": 0.05400982979374837,
        "xi": 0.6557187478828608,
        "rho": -0.7316870271626136,
        "v0": 0.027120310903622637,
        "success": true,
        "sse": 0.22668790629457328,
        "rmse_iv": 0.006567289818411815
    },
    "monte_carlo_results": {
        "kappa": 2.2550527887096172,
        "theta": 0.03944506680815642,
        "xi": 0.769400550837833,
        "rho": -0.6861010407818634,
        "v0": 0.028340459421015738,
        "success": true,
        "fun": 0.7591668271785845,
        "rmse_iv": 0.01520109981048156
    }
}